{"count":1,"self":185.99104,"total":1410.336618,"children":{"InitializeActuators":{"count":96,"self":0.0010689999999999999,"total":0.0010689999999999999,"children":null},"InitializeSensors":{"count":96,"self":0.000855,"total":0.000855,"children":null},"AgentSendState":{"count":123251,"self":4.1989687999999994,"total":22.321002999999997,"children":{"CollectObservations":{"count":2366880,"self":4.4187579999999995,"total":4.4187579999999995,"children":null},"WriteActionMask":{"count":2366880,"self":0.556307,"total":0.556307,"children":null},"RequestDecision":{"count":2366880,"self":3.331588,"total":13.146968999999999,"children":{"AgentInfo.ToProto":{"count":2366880,"self":2.922663,"total":9.815381,"children":{"GenerateSensorData":{"count":2366880,"self":6.8927184,"total":6.8927179999999995,"children":null}}}}}}},"DecideAction":{"count":123251,"self":1184.6900736,"total":1184.690108,"children":null},"AgentAct":{"count":123251,"self":17.2038416,"total":17.205213999999998,"children":{"AgentInfo.ToProto":{"count":335,"self":0.000439,"total":0.0013729999999999999,"children":{"GenerateSensorData":{"count":335,"self":0.00093399999999999993,"total":0.00093399999999999993,"children":null}}}}},"AgentInfo.ToProto":{"count":418,"self":0.00248,"total":0.126488,"children":{"GenerateSensorData":{"count":418,"self":0.124008,"total":0.124008,"children":null}}}},"gauges":{"CaptureTheFlag.CumulativeReward":{"count":753,"max":15120,"min":160,"runningAverage":4020.53857,"value":2810,"weightedAverage":4467.163}},"metadata":{"timer_format_version":"0.1.0","start_time_seconds":"1704944464","unity_version":"2021.3.27f1","command_line_arguments":"\/Applications\/Unity\/Hub\/Editor\/2021.3.27f1\/Unity.app\/Contents\/MacOS\/Unity -projectpath \/Users\/caelyasutake\/Desktop\/RL\/CaptureTheFlag -useHub -hubIPC -cloudEnvironment production -licensingIpc LicenseClient-caelyasutake -hubSessionId be4ba997-c883-44a5-9b97-3ce6583497e9 -accessToken CjMrtdN5kuE054mGgY2Armqjdhe5MmJScynaigKuIrM001f","communication_protocol_version":"1.5.0","com.unity.ml-agents_version":"2.0.1","scene_name":"SampleScene","end_time_seconds":"1704945875"}}